Old Name,New Name
11149381-0EFD-48AA-B1DD-497E5B9D7CD0-5940-000000F8C7E335FA.mp4,video01.mp4
20220409_132906~2.mp4,video02.mp4
20220415_144658.mp4,video03.mp4
20220520_150630.mp4,video04.mp4
20220624_132024.mp4,video05.mp4 //gel√∂scht; tracking zu schlecht
20220624_132548.mp4,video06.mp4 //fertig
20220805_153315.mp4,video07.mp4 //fertig
20220826_125027~2.mp4,video08.mp4 //fertig
2022_11_08_17_29.mp4,video09.mp4 //fertig
20230227_142240.mp4,video10.mp4 //fertig
20230306_152406~2.mp4,video11.mp4 //fertig
20230320_152832~2.mp4,video12.mp4 //fertig
20230411_131759.mp4,video13.mp4 //fertig
20230501_134423.mp4,video14.mp4 //fertig
20231121_103219.mp4,video15.mp4 //fertig
20231121_103414.mp4,video16.mp4 //fertig
20231130_194329.mp4,video17.mp4 //fertig
20231130_194409.mp4,video18.mp4 //fertig
20231130_195729.mp4,video19.mp4
20231204_184650.mp4,video20.mp4
20231204_185504.mp4,video21.mp4
20231204_190007.mp4,video22.mp4
20231204_190633.mp4,video23.mp4
20231204_191338.mp4,video24.mp4
84441956-B8FD-461C-8621-B4C5057BC6E7-5940-000000F8E5D7A13C.mp4,video25.mp4
IMG_9004.mp4,video26.mp4
IMG_9005.mp4,video27.mp4
